lf,se,we,bf
0.2297812134444686,0.2450993526028538,0.2513688083982606,0.273750625554417
